{
	"version": 1,
	"changelists": [
		{
			"guid": "00000000000000000000000000000000",
			"description": "Default Uncontrolled Changelist",
			"files": [
				"C:/Users/Host/Documents/Unreal Projects/Game/Content/NewMap.umap",
				"C:/Users/Host/Documents/Unreal Projects/Game/Content/Maps/Main.umap",
				"C:/Users/Host/Documents/Unreal Projects/Game/Content/Blueprints/BP_Devvy.uasset",
				"C:/Users/Host/Documents/Unreal Projects/Game/Content/Maps/NewMap.umap",
				"C:/Users/Host/Documents/Unreal Projects/Game/Content/Assets/3D_Leap_Land/tex/palette.uasset",
				"C:/Users/Host/Documents/Unreal Projects/Game/Content/Assets/3D_Leap_Land/fbx/Non_Metallic.uasset",
				"C:/Users/Host/Documents/Unreal Projects/Game/Content/Assets/3D_Leap_Land/fbx/bee_PhysicsAsset.uasset",
				"C:/Users/Host/Documents/Unreal Projects/Game/Content/Assets/3D_Leap_Land/fbx/bee_Skeleton.uasset",
				"C:/Users/Host/Documents/Unreal Projects/Game/Content/Assets/3D_Leap_Land/fbx/bee.uasset",
				"C:/Users/Host/Documents/Unreal Projects/Game/Content/Assets/3D_Leap_Land/fbx/Metallic.uasset",
				"C:/Users/Host/Documents/Unreal Projects/Game/Content/Assets/3D_Leap_Land/fbx/bomb.uasset",
				"C:/Users/Host/Documents/Unreal Projects/Game/Content/Assets/3D_Leap_Land/fbx/cannon_PhysicsAsset.uasset",
				"C:/Users/Host/Documents/Unreal Projects/Game/Content/Assets/3D_Leap_Land/fbx/cannon_Skeleton.uasset",
				"C:/Users/Host/Documents/Unreal Projects/Game/Content/Assets/3D_Leap_Land/fbx/cannon.uasset",
				"C:/Users/Host/Documents/Unreal Projects/Game/Content/Assets/3D_Leap_Land/fbx/detonater_PhysicsAsset.uasset",
				"C:/Users/Host/Documents/Unreal Projects/Game/Content/Assets/3D_Leap_Land/fbx/detonater.uasset",
				"C:/Users/Host/Documents/Unreal Projects/Game/Content/Assets/3D_Leap_Land/fbx/gem.uasset",
				"C:/Users/Host/Documents/Unreal Projects/Game/Content/Assets/3D_Leap_Land/fbx/ground_grass_4.uasset",
				"C:/Users/Host/Documents/Unreal Projects/Game/Content/Assets/3D_Leap_Land/fbx/spring_PhysicsAsset.uasset",
				"C:/Users/Host/Documents/Unreal Projects/Game/Content/Assets/3D_Leap_Land/fbx/spring_Skeleton.uasset",
				"C:/Users/Host/Documents/Unreal Projects/Game/Content/Assets/3D_Leap_Land/fbx/spring.uasset",
				"C:/Users/Host/Documents/Unreal Projects/Game/Content/Assets/3D_Leap_Land/fbx/tree_2.uasset",
				"C:/Users/Host/Documents/Unreal Projects/Game/Content/Assets/3D_Leap_Land/fbx/wood_spikes_PhysicsAsset.uasset",
				"C:/Users/Host/Documents/Unreal Projects/Game/Content/Assets/3D_Leap_Land/fbx/wood_spikes.uasset",
				"C:/Users/Host/Documents/Unreal Projects/Game/Content/Assets/3D_Leap_Land/fbx/grass_blades_1.uasset",
				"C:/Users/Host/Documents/Unreal Projects/Game/Content/Assets/3D_Leap_Land/fbx/ground_dirt_8.uasset",
				"C:/Users/Host/Documents/Unreal Projects/Game/Content/Assets/3D_Leap_Land/fbx/ground_dirt_4.uasset",
				"C:/Users/Host/Documents/Unreal Projects/Game/Content/Assets/3D_Leap_Land/fbx/ground_dirt_2.uasset",
				"C:/Users/Host/Documents/Unreal Projects/Game/Content/Assets/3D_Leap_Land/fbx/grass_blades_2.uasset",
				"C:/Users/Host/Documents/Unreal Projects/Game/Content/Assets/3D_Leap_Land/fbx/grass_blades_3.uasset",
				"C:/Users/Host/Documents/Unreal Projects/Game/Content/Assets/3D_Leap_Land/fbx/grass_blades_4.uasset",
				"C:/Users/Host/Documents/Unreal Projects/Game/Content/Assets/3D_Leap_Land/fbx/crate.uasset",
				"C:/Users/Host/Documents/Unreal Projects/Game/Content/Assets/3D_Leap_Land/fbx/trail_dirt_straight_1.uasset",
				"C:/Users/Host/Documents/Unreal Projects/Game/Content/Assets/3D_Leap_Land/fbx/trail_dirt_straight_2.uasset",
				"C:/Users/Host/Documents/Unreal Projects/Game/Content/Assets/3D_Leap_Land/fbx/trail_rock_curved.uasset",
				"C:/Users/Host/Documents/Unreal Projects/Game/Content/Assets/3D_Leap_Land/fbx/flower.uasset",
				"C:/Users/Host/Documents/Unreal Projects/Game/Content/Assets/3D_Leap_Land/fbx/wall_logs_1.uasset",
				"C:/Users/Host/Documents/Unreal Projects/Game/Content/Assets/3D_Leap_Land/fbx/wall_logs_2.uasset",
				"C:/Users/Host/Documents/Unreal Projects/Game/Content/Assets/3D_Leap_Land/fbx/lilypad.uasset",
				"C:/Users/Host/Documents/Unreal Projects/Game/Content/Assets/3D_Leap_Land/fbx/mushroom.uasset",
				"C:/Users/Host/Documents/Unreal Projects/Game/Content/Assets/3D_Leap_Land/fbx/trail_dirt_curved_1.uasset",
				"C:/Users/Host/Documents/Unreal Projects/Game/Content/Assets/3D_Leap_Land/fbx/trail_dirt_curved_2.uasset",
				"C:/Users/Host/Documents/Unreal Projects/Game/Content/Assets/3D_Leap_Land/fbx/water_2_PhysicsAsset.uasset",
				"C:/Users/Host/Documents/Unreal Projects/Game/Content/Assets/3D_Leap_Land/fbx/water_2.uasset",
				"C:/Users/Host/Documents/Unreal Projects/Game/Content/Assets/3D_Leap_Land/fbx/water_4_PhysicsAsset.uasset",
				"C:/Users/Host/Documents/Unreal Projects/Game/Content/Assets/3D_Leap_Land/fbx/water_4.uasset",
				"C:/Users/Host/Documents/Unreal Projects/Game/Content/Assets/3D_Leap_Land/fbx/rock_2.uasset",
				"C:/Users/Host/Documents/Unreal Projects/Game/Content/Assets/3D_Leap_Land/fbx/rock_3.uasset",
				"C:/Users/Host/Documents/Unreal Projects/Game/Content/Assets/3D_Leap_Land/fbx/plant.uasset",
				"C:/Users/Host/Documents/Unreal Projects/Game/Content/Assets/3D_Leap_Land/fbx/ground_grass_2.uasset",
				"C:/Users/Host/Documents/Unreal Projects/Game/Content/Assets/3D_Leap_Land/fbx/ground_grass_8.uasset",
				"C:/Users/Host/Documents/Unreal Projects/Game/Content/Assets/3D_Leap_Land/fbx/rotating_log.uasset",
				"C:/Users/Host/Documents/Unreal Projects/Game/Content/Assets/3D_Leap_Land/fbx/treasure_chest_PhysicsAsset.uasset",
				"C:/Users/Host/Documents/Unreal Projects/Game/Content/Assets/3D_Leap_Land/fbx/treasure_chest.uasset",
				"C:/Users/Host/Documents/Unreal Projects/Game/Content/Assets/3D_Leap_Land/fbx/ladder_1.uasset",
				"C:/Users/Host/Documents/Unreal Projects/Game/Content/Assets/3D_Leap_Land/fbx/ladder_2.uasset",
				"C:/Users/Host/Documents/Unreal Projects/Game/Content/Assets/3D_Leap_Land/fbx/ladder_3.uasset",
				"C:/Users/Host/Documents/Unreal Projects/Game/Content/Assets/3D_Leap_Land/fbx/tree_stump.uasset",
				"C:/Users/Host/Documents/Unreal Projects/Game/Content/Assets/3D_Leap_Land/fbx/locked_door.uasset",
				"C:/Users/Host/Documents/Unreal Projects/Game/Content/Assets/3D_Leap_Land/fbx/ground_wood_2.uasset",
				"C:/Users/Host/Documents/Unreal Projects/Game/Content/Assets/3D_Leap_Land/fbx/ground_wood_4.uasset",
				"C:/Users/Host/Documents/Unreal Projects/Game/Content/Assets/3D_Leap_Land/fbx/sign_arrow.uasset",
				"C:/Users/Host/Documents/Unreal Projects/Game/Content/Assets/3D_Leap_Land/fbx/dynamite.uasset",
				"C:/Users/Host/Documents/Unreal Projects/Game/Content/Assets/3D_Leap_Land/fbx/sign.uasset",
				"C:/Users/Host/Documents/Unreal Projects/Game/Content/Assets/3D_Leap_Land/fbx/trail_dirt_end_1.uasset",
				"C:/Users/Host/Documents/Unreal Projects/Game/Content/Assets/3D_Leap_Land/fbx/trail_dirt_end_2.uasset",
				"C:/Users/Host/Documents/Unreal Projects/Game/Content/Assets/3D_Leap_Land/fbx/wall_spiked_logs.uasset",
				"C:/Users/Host/Documents/Unreal Projects/Game/Content/Assets/3D_Leap_Land/fbx/ground_cloud_2.uasset",
				"C:/Users/Host/Documents/Unreal Projects/Game/Content/Assets/3D_Leap_Land/fbx/ground_cloud_4.uasset",
				"C:/Users/Host/Documents/Unreal Projects/Game/Content/Assets/3D_Leap_Land/fbx/bridge_1.uasset",
				"C:/Users/Host/Documents/Unreal Projects/Game/Content/Assets/3D_Leap_Land/fbx/bridge_2.uasset",
				"C:/Users/Host/Documents/Unreal Projects/Game/Content/Assets/3D_Leap_Land/fbx/rope_PhysicsAsset.uasset",
				"C:/Users/Host/Documents/Unreal Projects/Game/Content/Assets/3D_Leap_Land/fbx/rope.uasset",
				"C:/Users/Host/Documents/Unreal Projects/Game/Content/Assets/3D_Leap_Land/fbx/tree_1.uasset",
				"C:/Users/Host/Documents/Unreal Projects/Game/Content/Assets/3D_Leap_Land/fbx/fence_1.uasset",
				"C:/Users/Host/Documents/Unreal Projects/Game/Content/Assets/3D_Leap_Land/fbx/fence_2.uasset",
				"C:/Users/Host/Documents/Unreal Projects/Game/Content/Assets/3D_Leap_Land/fbx/fence_4.uasset",
				"C:/Users/Host/Documents/Unreal Projects/Game/Content/Assets/3D_Leap_Land/fbx/cloud_1.uasset",
				"C:/Users/Host/Documents/Unreal Projects/Game/Content/Assets/3D_Leap_Land/fbx/cloud_2.uasset",
				"C:/Users/Host/Documents/Unreal Projects/Game/Content/Assets/3D_Leap_Land/fbx/cloud_3.uasset",
				"C:/Users/Host/Documents/Unreal Projects/Game/Content/Assets/3D_Leap_Land/fbx/trail_rock_straight.uasset",
				"C:/Users/Host/Documents/Unreal Projects/Game/Content/Assets/3D_Leap_Land/fbx/balloon_blue.uasset",
				"C:/Users/Host/Documents/Unreal Projects/Game/Content/Assets/3D_Leap_Land/fbx/slime_PhysicsAsset.uasset",
				"C:/Users/Host/Documents/Unreal Projects/Game/Content/Assets/3D_Leap_Land/fbx/slime_Skeleton.uasset",
				"C:/Users/Host/Documents/Unreal Projects/Game/Content/Assets/3D_Leap_Land/fbx/slime.uasset",
				"C:/Users/Host/Documents/Unreal Projects/Game/Content/Assets/3D_Leap_Land/fbx/telescope.uasset",
				"C:/Users/Host/Documents/Unreal Projects/Game/Content/Assets/3D_Leap_Land/fbx/stopwatch.uasset",
				"C:/Users/Host/Documents/Unreal Projects/Game/Content/Assets/3D_Leap_Land/fbx/lock.uasset",
				"C:/Users/Host/Documents/Unreal Projects/Game/Content/Assets/3D_Leap_Land/fbx/key.uasset",
				"C:/Users/Host/Documents/Unreal Projects/Game/Content/Assets/3D_Leap_Land/fbx/bullet.uasset",
				"C:/Users/Host/Documents/Unreal Projects/Game/Content/Assets/3D_Leap_Land/fbx/balloon_yellow.uasset",
				"C:/Users/Host/Documents/Unreal Projects/Game/Content/Assets/3D_Leap_Land/fbx/balloon_red.uasset",
				"C:/Users/Host/Documents/Unreal Projects/Game/Content/Assets/3D_Leap_Land/fbx/coin.uasset",
				"C:/Users/Host/Documents/Unreal Projects/Game/Content/Assets/3D_Leap_Land/fbx/trophy.uasset",
				"C:/Users/Host/Documents/Unreal Projects/Game/Content/Assets/3D_Leap_Land/fbx/heart.uasset",
				"C:/Users/Host/Documents/Unreal Projects/Game/Content/Assets/Devvy/Materials/M_FlatBase.uasset",
				"C:/Users/Host/Documents/Unreal Projects/Game/Content/Assets/Devvy/Materials/M_FlatGreyLight_Inst.uasset",
				"C:/Users/Host/Documents/Unreal Projects/Game/Content/Assets/Devvy/Materials/M_FlatGreyDark_Inst.uasset",
				"C:/Users/Host/Documents/Unreal Projects/Game/Content/Assets/Devvy/Materials/M_FlatPillar_Inst.uasset",
				"C:/Users/Host/Documents/Unreal Projects/Game/Content/Assets/Devvy/Materials/M_FlatFloor_Inst.uasset",
				"C:/Users/Host/Documents/Unreal Projects/Game/Content/Assets/Devvy/Blueprints/BP_Devvy.uasset",
				"C:/Users/Host/Documents/Unreal Projects/Game/Content/Blueprints/BP_GameMode.uasset",
				"C:/Users/Host/Documents/Unreal Projects/Game/Content/Assets/Devvy/Animations/Blend_Land-Move.uasset",
				"C:/Users/Host/Documents/Unreal Projects/Game/Content/Assets/Devvy/Animations/Anim_JumpLand.uasset",
				"C:/Users/Host/Documents/Unreal Projects/Game/Content/Assets/Devvy/Animations/Blend_Idle-Sprint.uasset",
				"C:/Users/Host/Documents/Unreal Projects/Game/Content/Assets/Devvy/Animations/Anim_Walk.uasset",
				"C:/Users/Host/Documents/Unreal Projects/Game/Content/Assets/Devvy/Animations/Anim_Sprint.uasset",
				"C:/Users/Host/Documents/Unreal Projects/Game/Content/Assets/Devvy/Animations/Anim_Run.uasset",
				"C:/Users/Host/Documents/Unreal Projects/Game/Content/Assets/Devvy/Animations/Anim_Idle.uasset",
				"C:/Users/Host/Documents/Unreal Projects/Game/Content/Assets/Devvy/Animations/Anim_WallSlide.uasset",
				"C:/Users/Host/Documents/Unreal Projects/Game/Content/Assets/Devvy/Animations/Anim_JumpStart.uasset",
				"C:/Users/Host/Documents/Unreal Projects/Game/Content/Assets/Devvy/Animations/Anim_JumpInAirFall.uasset",
				"C:/Users/Host/Documents/Unreal Projects/Game/Content/Assets/Devvy/Animations/ABP_Player.uasset",
				"C:/Users/Host/Documents/Unreal Projects/Game/Content/Assets/Devvy/Animations/Anim_DoubleJump.uasset",
				"C:/Users/Host/Documents/Unreal Projects/Game/Content/Assets/Devvy/Animations/Montage_DoubleJump.uasset",
				"C:/Users/Host/Documents/Unreal Projects/Game/Content/Assets/Devvy/Animations/Anim_Slide.uasset",
				"C:/Users/Host/Documents/Unreal Projects/Game/Content/Assets/Devvy/Meshes/SK_Devvy_F.uasset",
				"C:/Users/Host/Documents/Unreal Projects/Game/Content/Assets/Devvy/Meshes/SK_Devvy_F_PhysicsAsset.uasset",
				"C:/Users/Host/Documents/Unreal Projects/Game/Content/Assets/Devvy/Meshes/SK_Devvy_M.uasset",
				"C:/Users/Host/Documents/Unreal Projects/Game/Content/Assets/Devvy/Meshes/SK_Devvy_M_PhysicsAsset.uasset",
				"C:/Users/Host/Documents/Unreal Projects/Game/Content/Assets/Devvy/Meshes/SK_Devvy_M_Skeleton.uasset",
				"C:/Users/Host/Documents/Unreal Projects/Game/Content/Assets/Devvy/Meshes/SM_Mask.uasset",
				"C:/Users/Host/Documents/Unreal Projects/Game/Content/Blueprints/GameModeBase.uasset",
				"C:/Users/Host/Documents/Unreal Projects/Game/Content/Materials/M_Skybox.uasset",
				"C:/Users/Host/Documents/Unreal Projects/Game/Content/Blueprints/BP_GameModeBase.uasset",
				"C:/Users/Host/Documents/Unreal Projects/Game/Content/Blueprints/BP_PlayerBase.uasset",
				"C:/Users/Host/Documents/Unreal Projects/Game/Content/Animations/ABP_Player.uasset",
				"C:/Users/Host/Documents/Unreal Projects/Game/Content/Animations/Blend_IdleSprint.uasset",
				"C:/Users/Host/Documents/Unreal Projects/Game/Content/Blueprints/BP_EnemyBee.uasset",
				"C:/Users/Host/Documents/Unreal Projects/Game/Content/Assets/3D_Leap_Land/fbx/rock_4.uasset",
				"C:/Users/Host/Documents/Unreal Projects/Game/Content/Assets/3D_Leap_Land/fbx/rock_5.uasset",
				"C:/Users/Host/Documents/Unreal Projects/Game/Content/Assets/3D_Leap_Land/fbx/rock_6.uasset",
				"C:/Users/Host/Documents/Unreal Projects/Game/Content/Assets/3D_Leap_Land/fbx/rock_1_no_collision.uasset",
				"C:/Users/Host/Documents/Unreal Projects/Game/Content/Assets/3D_Leap_Land/fbx/rock_2_no_collision.uasset",
				"C:/Users/Host/Documents/Unreal Projects/Game/Content/Assets/3D_Leap_Land/fbx/rock_3_no_collision.uasset",
				"C:/Users/Host/Documents/Unreal Projects/Game/Content/Blueprints/DebugText.uasset",
				"C:/Users/Host/Documents/Unreal Projects/Game/Content/Assets/3D_Leap_Land/fbx/rock_1.uasset",
				"C:/Users/Host/Documents/Unreal Projects/Game/Content/Blueprints/BP_PatrollingActor.uasset",
				"C:/Users/Host/Documents/Unreal Projects/Game/Content/Input/Player/IA_MoveRighLeft.uasset",
				"C:/Users/Host/Documents/Unreal Projects/Game/Content/Input/Player/IA_MoveForwardBackward.uasset",
				"C:/Users/Host/Documents/Unreal Projects/Game/Content/Input/Player/IA_LookUp.uasset",
				"C:/Users/Host/Documents/Unreal Projects/Game/Content/Input/Player/IA_TurnLeft.uasset",
				"C:/Users/Host/Documents/Unreal Projects/Game/Content/Input/Player/IMC_PlayerBase.uasset",
				"C:/Users/Host/Documents/Unreal Projects/Game/Content/Input/Player/IA_Jump.uasset",
				"C:/Users/Host/Documents/Unreal Projects/Game/Content/Assets/Devvy/Meshes/ABP_Player.uasset",
				"C:/Users/Host/Documents/Unreal Projects/Game/Content/Assets/ABP_Player.uasset",
				"C:/Users/Host/Documents/Unreal Projects/Game/Content/3D_Leap_Land/fbx/Non_Metallic.uasset",
				"C:/Users/Host/Documents/Unreal Projects/Game/Content/3D_Leap_Land/fbx/Metallic.uasset",
				"C:/Users/Host/Documents/Unreal Projects/Game/Content/3D_Leap_Land/fbx/balloon_blue.uasset",
				"C:/Users/Host/Documents/Unreal Projects/Game/Content/3D_Leap_Land/fbx/balloon_red.uasset",
				"C:/Users/Host/Documents/Unreal Projects/Game/Content/3D_Leap_Land/fbx/balloon_yellow.uasset",
				"C:/Users/Host/Documents/Unreal Projects/Game/Content/3D_Leap_Land/fbx/bee.uasset",
				"C:/Users/Host/Documents/Unreal Projects/Game/Content/3D_Leap_Land/fbx/bomb.uasset",
				"C:/Users/Host/Documents/Unreal Projects/Game/Content/3D_Leap_Land/fbx/bridge_1.uasset",
				"C:/Users/Host/Documents/Unreal Projects/Game/Content/3D_Leap_Land/fbx/bridge_2.uasset",
				"C:/Users/Host/Documents/Unreal Projects/Game/Content/3D_Leap_Land/fbx/bullet.uasset",
				"C:/Users/Host/Documents/Unreal Projects/Game/Content/3D_Leap_Land/fbx/cannon.uasset",
				"C:/Users/Host/Documents/Unreal Projects/Game/Content/3D_Leap_Land/fbx/cloud_1.uasset",
				"C:/Users/Host/Documents/Unreal Projects/Game/Content/3D_Leap_Land/fbx/cloud_2.uasset",
				"C:/Users/Host/Documents/Unreal Projects/Game/Content/3D_Leap_Land/fbx/cloud_3.uasset",
				"C:/Users/Host/Documents/Unreal Projects/Game/Content/3D_Leap_Land/fbx/coin.uasset",
				"C:/Users/Host/Documents/Unreal Projects/Game/Content/3D_Leap_Land/fbx/crate.uasset",
				"C:/Users/Host/Documents/Unreal Projects/Game/Content/3D_Leap_Land/fbx/detonater.uasset",
				"C:/Users/Host/Documents/Unreal Projects/Game/Content/3D_Leap_Land/fbx/dynamite.uasset",
				"C:/Users/Host/Documents/Unreal Projects/Game/Content/3D_Leap_Land/fbx/fence_1.uasset",
				"C:/Users/Host/Documents/Unreal Projects/Game/Content/3D_Leap_Land/fbx/fence_2.uasset",
				"C:/Users/Host/Documents/Unreal Projects/Game/Content/3D_Leap_Land/fbx/fence_4.uasset",
				"C:/Users/Host/Documents/Unreal Projects/Game/Content/3D_Leap_Land/fbx/flower.uasset",
				"C:/Users/Host/Documents/Unreal Projects/Game/Content/3D_Leap_Land/fbx/gem.uasset",
				"C:/Users/Host/Documents/Unreal Projects/Game/Content/3D_Leap_Land/fbx/grass_blades_1.uasset",
				"C:/Users/Host/Documents/Unreal Projects/Game/Content/3D_Leap_Land/fbx/grass_blades_2.uasset",
				"C:/Users/Host/Documents/Unreal Projects/Game/Content/3D_Leap_Land/fbx/grass_blades_3.uasset",
				"C:/Users/Host/Documents/Unreal Projects/Game/Content/3D_Leap_Land/fbx/grass_blades_4.uasset",
				"C:/Users/Host/Documents/Unreal Projects/Game/Content/3D_Leap_Land/fbx/ground_cloud_2.uasset",
				"C:/Users/Host/Documents/Unreal Projects/Game/Content/3D_Leap_Land/fbx/ground_cloud_4.uasset",
				"C:/Users/Host/Documents/Unreal Projects/Game/Content/3D_Leap_Land/fbx/ground_dirt_2.uasset",
				"C:/Users/Host/Documents/Unreal Projects/Game/Content/3D_Leap_Land/fbx/ground_dirt_4.uasset",
				"C:/Users/Host/Documents/Unreal Projects/Game/Content/3D_Leap_Land/fbx/ground_dirt_8.uasset",
				"C:/Users/Host/Documents/Unreal Projects/Game/Content/3D_Leap_Land/fbx/ground_grass_2.uasset",
				"C:/Users/Host/Documents/Unreal Projects/Game/Content/3D_Leap_Land/fbx/ground_grass_4.uasset",
				"C:/Users/Host/Documents/Unreal Projects/Game/Content/3D_Leap_Land/fbx/ground_grass_8.uasset",
				"C:/Users/Host/Documents/Unreal Projects/Game/Content/3D_Leap_Land/fbx/ground_wood_2.uasset",
				"C:/Users/Host/Documents/Unreal Projects/Game/Content/3D_Leap_Land/fbx/ground_wood_4.uasset",
				"C:/Users/Host/Documents/Unreal Projects/Game/Content/3D_Leap_Land/fbx/heart.uasset",
				"C:/Users/Host/Documents/Unreal Projects/Game/Content/3D_Leap_Land/fbx/key.uasset",
				"C:/Users/Host/Documents/Unreal Projects/Game/Content/3D_Leap_Land/fbx/ladder_1.uasset",
				"C:/Users/Host/Documents/Unreal Projects/Game/Content/3D_Leap_Land/fbx/ladder_2.uasset",
				"C:/Users/Host/Documents/Unreal Projects/Game/Content/3D_Leap_Land/fbx/ladder_3.uasset",
				"C:/Users/Host/Documents/Unreal Projects/Game/Content/3D_Leap_Land/fbx/lilypad.uasset",
				"C:/Users/Host/Documents/Unreal Projects/Game/Content/3D_Leap_Land/fbx/lock.uasset",
				"C:/Users/Host/Documents/Unreal Projects/Game/Content/3D_Leap_Land/fbx/locked_door.uasset",
				"C:/Users/Host/Documents/Unreal Projects/Game/Content/3D_Leap_Land/fbx/mushroom.uasset",
				"C:/Users/Host/Documents/Unreal Projects/Game/Content/3D_Leap_Land/tex/palette.uasset",
				"C:/Users/Host/Documents/Unreal Projects/Game/Content/3D_Leap_Land/fbx/plant.uasset",
				"C:/Users/Host/Documents/Unreal Projects/Game/Content/3D_Leap_Land/fbx/rock_1.uasset",
				"C:/Users/Host/Documents/Unreal Projects/Game/Content/3D_Leap_Land/fbx/rock_2.uasset",
				"C:/Users/Host/Documents/Unreal Projects/Game/Content/3D_Leap_Land/fbx/rock_3.uasset",
				"C:/Users/Host/Documents/Unreal Projects/Game/Content/3D_Leap_Land/fbx/rope.uasset",
				"C:/Users/Host/Documents/Unreal Projects/Game/Content/3D_Leap_Land/fbx/rotating_log.uasset",
				"C:/Users/Host/Documents/Unreal Projects/Game/Content/3D_Leap_Land/fbx/sign.uasset",
				"C:/Users/Host/Documents/Unreal Projects/Game/Content/3D_Leap_Land/fbx/sign_arrow.uasset",
				"C:/Users/Host/Documents/Unreal Projects/Game/Content/3D_Leap_Land/fbx/slime.uasset",
				"C:/Users/Host/Documents/Unreal Projects/Game/Content/3D_Leap_Land/fbx/spring.uasset",
				"C:/Users/Host/Documents/Unreal Projects/Game/Content/3D_Leap_Land/fbx/stopwatch.uasset",
				"C:/Users/Host/Documents/Unreal Projects/Game/Content/3D_Leap_Land/fbx/telescope.uasset",
				"C:/Users/Host/Documents/Unreal Projects/Game/Content/3D_Leap_Land/fbx/trail_dirt_curved_1.uasset",
				"C:/Users/Host/Documents/Unreal Projects/Game/Content/3D_Leap_Land/fbx/trail_dirt_curved_2.uasset",
				"C:/Users/Host/Documents/Unreal Projects/Game/Content/3D_Leap_Land/fbx/trail_dirt_end_1.uasset",
				"C:/Users/Host/Documents/Unreal Projects/Game/Content/3D_Leap_Land/fbx/trail_dirt_end_2.uasset",
				"C:/Users/Host/Documents/Unreal Projects/Game/Content/3D_Leap_Land/fbx/trail_dirt_straight_1.uasset",
				"C:/Users/Host/Documents/Unreal Projects/Game/Content/3D_Leap_Land/fbx/trail_dirt_straight_2.uasset",
				"C:/Users/Host/Documents/Unreal Projects/Game/Content/3D_Leap_Land/fbx/trail_rock_curved.uasset",
				"C:/Users/Host/Documents/Unreal Projects/Game/Content/3D_Leap_Land/fbx/trail_rock_straight.uasset",
				"C:/Users/Host/Documents/Unreal Projects/Game/Content/3D_Leap_Land/fbx/treasure_chest.uasset",
				"C:/Users/Host/Documents/Unreal Projects/Game/Content/3D_Leap_Land/fbx/tree_1.uasset",
				"C:/Users/Host/Documents/Unreal Projects/Game/Content/3D_Leap_Land/fbx/tree_2.uasset",
				"C:/Users/Host/Documents/Unreal Projects/Game/Content/3D_Leap_Land/fbx/tree_stump.uasset",
				"C:/Users/Host/Documents/Unreal Projects/Game/Content/3D_Leap_Land/fbx/trophy.uasset",
				"C:/Users/Host/Documents/Unreal Projects/Game/Content/3D_Leap_Land/fbx/wall_logs_1.uasset",
				"C:/Users/Host/Documents/Unreal Projects/Game/Content/3D_Leap_Land/fbx/wall_logs_2.uasset",
				"C:/Users/Host/Documents/Unreal Projects/Game/Content/3D_Leap_Land/fbx/wall_spiked_logs.uasset",
				"C:/Users/Host/Documents/Unreal Projects/Game/Content/3D_Leap_Land/fbx/water_2.uasset",
				"C:/Users/Host/Documents/Unreal Projects/Game/Content/3D_Leap_Land/fbx/water_4.uasset",
				"C:/Users/Host/Documents/Unreal Projects/Game/Content/3D_Leap_Land/fbx/wood_spikes.uasset",
				"C:/Users/Host/Documents/Unreal Projects/Game/Content/SkyboxMaterial.uasset",
				"C:/Users/Host/Documents/Unreal Projects/Game/Content/3D_Leap_Land/fbx/bee_Skeleton.uasset",
				"C:/Users/Host/Documents/Unreal Projects/Game/Content/3D_Leap_Land/fbx/detonater_PhysicsAsset.uasset",
				"C:/Users/Host/Documents/Unreal Projects/Game/Content/3D_Leap_Land/fbx/rope_PhysicsAsset.uasset",
				"C:/Users/Host/Documents/Unreal Projects/Game/Content/3D_Leap_Land/fbx/treasure_chest_PhysicsAsset.uasset",
				"C:/Users/Host/Documents/Unreal Projects/Game/Content/3D_Leap_Land/fbx/water_2_PhysicsAsset.uasset",
				"C:/Users/Host/Documents/Unreal Projects/Game/Content/3D_Leap_Land/fbx/water_4_PhysicsAsset.uasset",
				"C:/Users/Host/Documents/Unreal Projects/Game/Content/3D_Leap_Land/fbx/wood_spikes_PhysicsAsset.uasset",
				"C:/Users/Host/Documents/Unreal Projects/Game/Content/Assets/Animations/Blend_Land-Move.uasset",
				"C:/Users/Host/Documents/Unreal Projects/Game/Content/Assets/Animations/Anim_Walk.uasset",
				"C:/Users/Host/Documents/Unreal Projects/Game/Content/Assets/Animations/Anim_Slide.uasset",
				"C:/Users/Host/Documents/Unreal Projects/Game/Content/Assets/Animations/Anim_Sprint.uasset",
				"C:/Users/Host/Documents/Unreal Projects/Game/Content/Assets/Animations/ABP_Player.uasset",
				"C:/Users/Host/Documents/Unreal Projects/Game/Content/Assets/Animations/Anim_Run.uasset",
				"C:/Users/Host/Documents/Unreal Projects/Game/Content/Assets/Animations/Anim_Idle.uasset",
				"C:/Users/Host/Documents/Unreal Projects/Game/Content/Assets/Animations/Anim_WallSlide.uasset",
				"C:/Users/Host/Documents/Unreal Projects/Game/Content/Assets/Animations/Anim_JumpLand.uasset",
				"C:/Users/Host/Documents/Unreal Projects/Game/Content/Assets/Animations/Blend_Idle-Sprint.uasset",
				"C:/Users/Host/Documents/Unreal Projects/Game/Content/Assets/Animations/Montage_DoubleJump.uasset",
				"C:/Users/Host/Documents/Unreal Projects/Game/Content/Assets/Animations/Anim_JumpStart.uasset",
				"C:/Users/Host/Documents/Unreal Projects/Game/Content/Assets/Animations/Anim_DoubleJump.uasset",
				"C:/Users/Host/Documents/Unreal Projects/Game/Content/Assets/Animations/Anim_JumpInAirFall.uasset",
				"C:/Users/Host/Documents/Unreal Projects/Game/Content/Assets/Meshes/Devvy/SM_Mask.uasset",
				"C:/Users/Host/Documents/Unreal Projects/Game/Content/Assets/Meshes/Devvy/SK_Devvy_M_Skeleton.uasset",
				"C:/Users/Host/Documents/Unreal Projects/Game/Content/Assets/Meshes/Devvy/SK_Devvy_M_PhysicsAsset.uasset",
				"C:/Users/Host/Documents/Unreal Projects/Game/Content/Assets/Meshes/Devvy/SK_Devvy_M.uasset",
				"C:/Users/Host/Documents/Unreal Projects/Game/Content/Assets/Meshes/SK_Devvy_M.uasset",
				"C:/Users/Host/Documents/Unreal Projects/Game/Content/Assets/Meshes/Devvy/SK_Devvy_F_PhysicsAsset.uasset",
				"C:/Users/Host/Documents/Unreal Projects/Game/Content/Assets/Meshes/Devvy/SK_Devvy_F.uasset",
				"C:/Users/Host/Documents/Unreal Projects/Game/Content/Assets/Meshes/SK_Devvy_F.uasset",
				"C:/Users/Host/Documents/Unreal Projects/Game/Content/Assets/Meshes/SK_Devvy_F_PhysicsAsset.uasset",
				"C:/Users/Host/Documents/Unreal Projects/Game/Content/Assets/Meshes/SK_Devvy_M_PhysicsAsset.uasset",
				"C:/Users/Host/Documents/Unreal Projects/Game/Content/Assets/Meshes/SK_Devvy_M_Skeleton.uasset",
				"C:/Users/Host/Documents/Unreal Projects/Game/Content/Assets/Meshes/SM_Mask.uasset",
				"C:/Users/Host/Documents/Unreal Projects/Game/Content/Assets/Meshes/3D_Leap_Land/tex/palette.uasset",
				"C:/Users/Host/Documents/Unreal Projects/Game/Content/Assets/Meshes/3D_Leap_Land/fbx/Non_Metallic.uasset",
				"C:/Users/Host/Documents/Unreal Projects/Game/Content/Assets/Meshes/3D_Leap_Land/fbx/bee_PhysicsAsset.uasset",
				"C:/Users/Host/Documents/Unreal Projects/Game/Content/Assets/Meshes/3D_Leap_Land/fbx/bee_Skeleton.uasset",
				"C:/Users/Host/Documents/Unreal Projects/Game/Content/Assets/Meshes/3D_Leap_Land/fbx/bee.uasset",
				"C:/Users/Host/Documents/Unreal Projects/Game/Content/Assets/Meshes/3D_Leap_Land/fbx/Metallic.uasset",
				"C:/Users/Host/Documents/Unreal Projects/Game/Content/Assets/Meshes/3D_Leap_Land/fbx/bomb.uasset",
				"C:/Users/Host/Documents/Unreal Projects/Game/Content/Assets/Meshes/3D_Leap_Land/fbx/cannon_PhysicsAsset.uasset",
				"C:/Users/Host/Documents/Unreal Projects/Game/Content/Assets/Meshes/3D_Leap_Land/fbx/cannon_Skeleton.uasset",
				"C:/Users/Host/Documents/Unreal Projects/Game/Content/Assets/Meshes/3D_Leap_Land/fbx/cannon.uasset",
				"C:/Users/Host/Documents/Unreal Projects/Game/Content/Assets/Meshes/3D_Leap_Land/fbx/detonater_PhysicsAsset.uasset",
				"C:/Users/Host/Documents/Unreal Projects/Game/Content/Assets/Meshes/3D_Leap_Land/fbx/detonater.uasset",
				"C:/Users/Host/Documents/Unreal Projects/Game/Content/Assets/Meshes/3D_Leap_Land/fbx/gem.uasset",
				"C:/Users/Host/Documents/Unreal Projects/Game/Content/Assets/Meshes/3D_Leap_Land/fbx/ground_grass_4.uasset",
				"C:/Users/Host/Documents/Unreal Projects/Game/Content/Assets/Meshes/3D_Leap_Land/fbx/spring_PhysicsAsset.uasset",
				"C:/Users/Host/Documents/Unreal Projects/Game/Content/Assets/Meshes/3D_Leap_Land/fbx/spring_Skeleton.uasset",
				"C:/Users/Host/Documents/Unreal Projects/Game/Content/Assets/Meshes/3D_Leap_Land/fbx/spring.uasset",
				"C:/Users/Host/Documents/Unreal Projects/Game/Content/Assets/Meshes/3D_Leap_Land/fbx/tree_2.uasset",
				"C:/Users/Host/Documents/Unreal Projects/Game/Content/Assets/Meshes/3D_Leap_Land/fbx/wood_spikes_PhysicsAsset.uasset",
				"C:/Users/Host/Documents/Unreal Projects/Game/Content/Assets/Meshes/3D_Leap_Land/fbx/wood_spikes.uasset",
				"C:/Users/Host/Documents/Unreal Projects/Game/Content/3D_Leap_Land/fbx/spring_Skeleton.uasset",
				"C:/Users/Host/Documents/Unreal Projects/Game/Content/3D_Leap_Land/fbx/spring_PhysicsAsset.uasset",
				"C:/Users/Host/Documents/Unreal Projects/Game/Content/3D_Leap_Land/fbx/cannon_Skeleton.uasset",
				"C:/Users/Host/Documents/Unreal Projects/Game/Content/3D_Leap_Land/fbx/cannon_PhysicsAsset.uasset",
				"C:/Users/Host/Documents/Unreal Projects/Game/Content/3D_Leap_Land/fbx/bee_PhysicsAsset.uasset",
				"C:/Users/Host/Documents/Unreal Projects/Game/Content/Assets/Meshes/3D_Leap_Land/fbx/grass_blades_1.uasset",
				"C:/Users/Host/Documents/Unreal Projects/Game/Content/Assets/Meshes/3D_Leap_Land/fbx/ground_dirt_8.uasset",
				"C:/Users/Host/Documents/Unreal Projects/Game/Content/Assets/Meshes/3D_Leap_Land/fbx/ground_dirt_4.uasset",
				"C:/Users/Host/Documents/Unreal Projects/Game/Content/Assets/Meshes/3D_Leap_Land/fbx/ground_dirt_2.uasset",
				"C:/Users/Host/Documents/Unreal Projects/Game/Content/Assets/Meshes/3D_Leap_Land/fbx/grass_blades_2.uasset",
				"C:/Users/Host/Documents/Unreal Projects/Game/Content/Assets/Meshes/3D_Leap_Land/fbx/grass_blades_3.uasset",
				"C:/Users/Host/Documents/Unreal Projects/Game/Content/Assets/Meshes/3D_Leap_Land/fbx/grass_blades_4.uasset",
				"C:/Users/Host/Documents/Unreal Projects/Game/Content/Assets/Meshes/3D_Leap_Land/fbx/crate.uasset",
				"C:/Users/Host/Documents/Unreal Projects/Game/Content/Assets/Meshes/3D_Leap_Land/fbx/trail_dirt_straight_1.uasset",
				"C:/Users/Host/Documents/Unreal Projects/Game/Content/Assets/Meshes/3D_Leap_Land/fbx/trail_dirt_straight_2.uasset",
				"C:/Users/Host/Documents/Unreal Projects/Game/Content/Assets/Meshes/3D_Leap_Land/fbx/trail_rock_curved.uasset",
				"C:/Users/Host/Documents/Unreal Projects/Game/Content/Assets/Meshes/3D_Leap_Land/fbx/flower.uasset",
				"C:/Users/Host/Documents/Unreal Projects/Game/Content/Assets/Meshes/3D_Leap_Land/fbx/wall_logs_1.uasset",
				"C:/Users/Host/Documents/Unreal Projects/Game/Content/Assets/Meshes/3D_Leap_Land/fbx/wall_logs_2.uasset",
				"C:/Users/Host/Documents/Unreal Projects/Game/Content/Assets/Meshes/3D_Leap_Land/fbx/lilypad.uasset",
				"C:/Users/Host/Documents/Unreal Projects/Game/Content/Assets/Meshes/3D_Leap_Land/fbx/mushroom.uasset",
				"C:/Users/Host/Documents/Unreal Projects/Game/Content/Assets/Meshes/3D_Leap_Land/fbx/trail_dirt_curved_1.uasset",
				"C:/Users/Host/Documents/Unreal Projects/Game/Content/Assets/Meshes/3D_Leap_Land/fbx/trail_dirt_curved_2.uasset",
				"C:/Users/Host/Documents/Unreal Projects/Game/Content/Assets/Meshes/3D_Leap_Land/fbx/water_2_PhysicsAsset.uasset",
				"C:/Users/Host/Documents/Unreal Projects/Game/Content/Assets/Meshes/3D_Leap_Land/fbx/water_2.uasset",
				"C:/Users/Host/Documents/Unreal Projects/Game/Content/Assets/Meshes/3D_Leap_Land/fbx/water_4_PhysicsAsset.uasset",
				"C:/Users/Host/Documents/Unreal Projects/Game/Content/Assets/Meshes/3D_Leap_Land/fbx/water_4.uasset",
				"C:/Users/Host/Documents/Unreal Projects/Game/Content/Assets/Meshes/3D_Leap_Land/fbx/rock_1.uasset",
				"C:/Users/Host/Documents/Unreal Projects/Game/Content/Assets/Meshes/3D_Leap_Land/fbx/rock_2.uasset",
				"C:/Users/Host/Documents/Unreal Projects/Game/Content/Assets/Meshes/3D_Leap_Land/fbx/rock_3.uasset",
				"C:/Users/Host/Documents/Unreal Projects/Game/Content/Assets/Meshes/3D_Leap_Land/fbx/plant.uasset",
				"C:/Users/Host/Documents/Unreal Projects/Game/Content/Assets/Meshes/3D_Leap_Land/fbx/ground_grass_2.uasset",
				"C:/Users/Host/Documents/Unreal Projects/Game/Content/Assets/Meshes/3D_Leap_Land/fbx/ground_grass_8.uasset",
				"C:/Users/Host/Documents/Unreal Projects/Game/Content/Assets/Meshes/3D_Leap_Land/fbx/rotating_log.uasset",
				"C:/Users/Host/Documents/Unreal Projects/Game/Content/Assets/Meshes/3D_Leap_Land/fbx/treasure_chest_PhysicsAsset.uasset",
				"C:/Users/Host/Documents/Unreal Projects/Game/Content/Assets/Meshes/3D_Leap_Land/fbx/treasure_chest.uasset",
				"C:/Users/Host/Documents/Unreal Projects/Game/Content/Assets/Meshes/3D_Leap_Land/fbx/ladder_1.uasset",
				"C:/Users/Host/Documents/Unreal Projects/Game/Content/Assets/Meshes/3D_Leap_Land/fbx/ladder_2.uasset",
				"C:/Users/Host/Documents/Unreal Projects/Game/Content/Assets/Meshes/3D_Leap_Land/fbx/ladder_3.uasset",
				"C:/Users/Host/Documents/Unreal Projects/Game/Content/Assets/Meshes/3D_Leap_Land/fbx/tree_stump.uasset",
				"C:/Users/Host/Documents/Unreal Projects/Game/Content/Assets/Meshes/3D_Leap_Land/fbx/locked_door.uasset",
				"C:/Users/Host/Documents/Unreal Projects/Game/Content/Assets/Meshes/3D_Leap_Land/fbx/ground_wood_2.uasset",
				"C:/Users/Host/Documents/Unreal Projects/Game/Content/Assets/Meshes/3D_Leap_Land/fbx/ground_wood_4.uasset",
				"C:/Users/Host/Documents/Unreal Projects/Game/Content/Assets/Meshes/3D_Leap_Land/fbx/sign_arrow.uasset",
				"C:/Users/Host/Documents/Unreal Projects/Game/Content/Assets/Meshes/3D_Leap_Land/fbx/dynamite.uasset",
				"C:/Users/Host/Documents/Unreal Projects/Game/Content/Assets/Meshes/3D_Leap_Land/fbx/sign.uasset",
				"C:/Users/Host/Documents/Unreal Projects/Game/Content/Assets/Meshes/3D_Leap_Land/fbx/trail_dirt_end_1.uasset",
				"C:/Users/Host/Documents/Unreal Projects/Game/Content/Assets/Meshes/3D_Leap_Land/fbx/trail_dirt_end_2.uasset",
				"C:/Users/Host/Documents/Unreal Projects/Game/Content/Assets/Meshes/3D_Leap_Land/fbx/wall_spiked_logs.uasset",
				"C:/Users/Host/Documents/Unreal Projects/Game/Content/Assets/Meshes/3D_Leap_Land/fbx/ground_cloud_2.uasset",
				"C:/Users/Host/Documents/Unreal Projects/Game/Content/Assets/Meshes/3D_Leap_Land/fbx/ground_cloud_4.uasset",
				"C:/Users/Host/Documents/Unreal Projects/Game/Content/Assets/Meshes/3D_Leap_Land/fbx/bridge_1.uasset",
				"C:/Users/Host/Documents/Unreal Projects/Game/Content/Assets/Meshes/3D_Leap_Land/fbx/bridge_2.uasset",
				"C:/Users/Host/Documents/Unreal Projects/Game/Content/Assets/Meshes/3D_Leap_Land/fbx/rope_PhysicsAsset.uasset",
				"C:/Users/Host/Documents/Unreal Projects/Game/Content/Assets/Meshes/3D_Leap_Land/fbx/rope.uasset",
				"C:/Users/Host/Documents/Unreal Projects/Game/Content/Assets/Meshes/3D_Leap_Land/fbx/tree_1.uasset",
				"C:/Users/Host/Documents/Unreal Projects/Game/Content/Assets/Meshes/3D_Leap_Land/fbx/fence_1.uasset",
				"C:/Users/Host/Documents/Unreal Projects/Game/Content/Assets/Meshes/3D_Leap_Land/fbx/fence_2.uasset",
				"C:/Users/Host/Documents/Unreal Projects/Game/Content/Assets/Meshes/3D_Leap_Land/fbx/fence_4.uasset",
				"C:/Users/Host/Documents/Unreal Projects/Game/Content/Assets/Meshes/3D_Leap_Land/fbx/cloud_1.uasset",
				"C:/Users/Host/Documents/Unreal Projects/Game/Content/Assets/Meshes/3D_Leap_Land/fbx/cloud_2.uasset",
				"C:/Users/Host/Documents/Unreal Projects/Game/Content/Assets/Meshes/3D_Leap_Land/fbx/cloud_3.uasset",
				"C:/Users/Host/Documents/Unreal Projects/Game/Content/Assets/Meshes/3D_Leap_Land/fbx/trail_rock_straight.uasset",
				"C:/Users/Host/Documents/Unreal Projects/Game/Content/Assets/Meshes/3D_Leap_Land/fbx/balloon_blue.uasset",
				"C:/Users/Host/Documents/Unreal Projects/Game/Content/Assets/Meshes/3D_Leap_Land/fbx/slime_PhysicsAsset.uasset",
				"C:/Users/Host/Documents/Unreal Projects/Game/Content/Assets/Meshes/3D_Leap_Land/fbx/slime_Skeleton.uasset",
				"C:/Users/Host/Documents/Unreal Projects/Game/Content/Assets/Meshes/3D_Leap_Land/fbx/slime.uasset",
				"C:/Users/Host/Documents/Unreal Projects/Game/Content/Assets/Meshes/3D_Leap_Land/fbx/telescope.uasset",
				"C:/Users/Host/Documents/Unreal Projects/Game/Content/Assets/Meshes/3D_Leap_Land/fbx/stopwatch.uasset",
				"C:/Users/Host/Documents/Unreal Projects/Game/Content/Assets/Meshes/3D_Leap_Land/fbx/lock.uasset",
				"C:/Users/Host/Documents/Unreal Projects/Game/Content/Assets/Meshes/3D_Leap_Land/fbx/key.uasset",
				"C:/Users/Host/Documents/Unreal Projects/Game/Content/Assets/Meshes/3D_Leap_Land/fbx/bullet.uasset",
				"C:/Users/Host/Documents/Unreal Projects/Game/Content/Assets/Meshes/3D_Leap_Land/fbx/balloon_yellow.uasset",
				"C:/Users/Host/Documents/Unreal Projects/Game/Content/Assets/Meshes/3D_Leap_Land/fbx/balloon_red.uasset",
				"C:/Users/Host/Documents/Unreal Projects/Game/Content/Assets/Meshes/3D_Leap_Land/fbx/coin.uasset",
				"C:/Users/Host/Documents/Unreal Projects/Game/Content/Assets/Meshes/3D_Leap_Land/fbx/trophy.uasset",
				"C:/Users/Host/Documents/Unreal Projects/Game/Content/Assets/Meshes/3D_Leap_Land/fbx/heart.uasset",
				"C:/Users/Host/Documents/Unreal Projects/Game/Content/3D_Leap_Land/fbx/slime_Skeleton.uasset",
				"C:/Users/Host/Documents/Unreal Projects/Game/Content/3D_Leap_Land/fbx/slime_PhysicsAsset.uasset",
				"C:/Users/Host/Documents/Unreal Projects/Game/Content/Assets/Devvy/SK_Devvy_M_Skeleton.uasset",
				"C:/Users/Host/Documents/Unreal Projects/Game/Content/Assets/Devvy/SK_Devvy_M_PhysicsAsset.uasset",
				"C:/Users/Host/Documents/Unreal Projects/Game/Content/Assets/Devvy/SK_Devvy_M.uasset",
				"C:/Users/Host/Documents/Unreal Projects/Game/Content/Assets/Devvy/SM_Mask.uasset",
				"C:/Users/Host/Documents/Unreal Projects/Game/Content/Assets/Devvy/SK_Devvy_F_PhysicsAsset.uasset",
				"C:/Users/Host/Documents/Unreal Projects/Game/Content/Assets/Devvy/SK_Devvy_F.uasset",
				"C:/Users/Host/Documents/Unreal Projects/Game/Content/Assets/Materials/M_FlatGreyDark_Inst.uasset",
				"C:/Users/Host/Documents/Unreal Projects/Game/Content/Assets/Materials/M_FlatPillar_Inst.uasset",
				"C:/Users/Host/Documents/Unreal Projects/Game/Content/Assets/Materials/M_FlatFloor_Inst.uasset",
				"C:/Users/Host/Documents/Unreal Projects/Game/Content/Assets/Materials/M_FlatGreyLight_Inst.uasset",
				"C:/Users/Host/Documents/Unreal Projects/Game/Content/Assets/Materials/M_FlatBase.uasset",
				"C:/Users/Host/Documents/Unreal Projects/Game/Content/Assets/Devvy/Blueprints/BP_GameMode.uasset",
				"C:/Users/Host/Documents/Unreal Projects/Game/Content/Materials/SkyboxMaterial.uasset",
				"C:/Users/Host/Documents/Unreal Projects/Game/Content/Blueprints/PlayerBase.uasset",
				"C:/Users/Host/Documents/Unreal Projects/Game/Content/Input/Player/IMC_Player.uasset",
				"C:/Users/Host/Documents/Unreal Projects/Game/Content/ThirdPerson/Input/IMC_Default.uasset",
				"C:/Users/Host/Documents/Unreal Projects/Game/Content/Characters/Mannequin_UE4/Textures/T_ML_Aluminum01.uasset",
				"C:/Users/Host/Documents/Unreal Projects/Game/Content/Characters/Mannequin_UE4/Textures/T_ML_Aluminum01_N.uasset",
				"C:/Users/Host/Documents/Unreal Projects/Game/Content/Characters/Mannequin_UE4/Textures/T_ML_Rubber_Blue_01_D.uasset",
				"C:/Users/Host/Documents/Unreal Projects/Game/Content/Characters/Mannequin_UE4/Textures/T_ML_Rubber_Blue_01_N.uasset",
				"C:/Users/Host/Documents/Unreal Projects/Game/Content/Characters/Mannequin_UE4/Textures/T_UE4_Mannequin_MAT_MASKA.uasset",
				"C:/Users/Host/Documents/Unreal Projects/Game/Content/Characters/Mannequin_UE4/Textures/T_UE4_Mannequin__normals.uasset",
				"C:/Users/Host/Documents/Unreal Projects/Game/Content/Characters/Mannequin_UE4/Textures/T_UELogo_Mask.uasset",
				"C:/Users/Host/Documents/Unreal Projects/Game/Content/Characters/Mannequin_UE4/Textures/T_UELogo_N_TGA.uasset",
				"C:/Users/Host/Documents/Unreal Projects/Game/Content/Characters/Mannequin_UE4/Rigs/RTG_UE4Manny_UE5Manny.uasset",
				"C:/Users/Host/Documents/Unreal Projects/Game/Content/Characters/Mannequin_UE4/Rigs/RTG_UE5Manny_UE4Manny.uasset",
				"C:/Users/Host/Documents/Unreal Projects/Game/Content/Characters/Mannequin_UE4/Rigs/IK_UE4_Mannequin.uasset",
				"C:/Users/Host/Documents/Unreal Projects/Game/Content/Characters/Mannequin_UE4/Meshes/SK_Mannequin.uasset",
				"C:/Users/Host/Documents/Unreal Projects/Game/Content/Characters/Mannequin_UE4/Meshes/SK_Mannequin_PhysicsAsset.uasset",
				"C:/Users/Host/Documents/Unreal Projects/Game/Content/Characters/Mannequin_UE4/Meshes/SK_Mannequin_Skeleton.uasset",
				"C:/Users/Host/Documents/Unreal Projects/Game/Content/Characters/Mannequin_UE4/Materials/Layers/ML_Latex_Black.uasset",
				"C:/Users/Host/Documents/Unreal Projects/Game/Content/Characters/Mannequin_UE4/Materials/Layers/ML_ShinyPlastic_Beige.uasset",
				"C:/Users/Host/Documents/Unreal Projects/Game/Content/Characters/Mannequin_UE4/Materials/Layers/ML_ShinyPlastic_Beige_Logo.uasset",
				"C:/Users/Host/Documents/Unreal Projects/Game/Content/Characters/Mannequin_UE4/Materials/Layers/ML_SoftMetal.uasset",
				"C:/Users/Host/Documents/Unreal Projects/Game/Content/Characters/Mannequin_UE4/Materials/M_MannequinUE4_Body.uasset",
				"C:/Users/Host/Documents/Unreal Projects/Game/Content/Characters/Mannequin_UE4/Materials/M_MannequinUE4_ChestLogo.uasset",
				"C:/Users/Host/Documents/Unreal Projects/Game/Content/Characters/Mannequin_UE4/Animations/Jog_Fwd.uasset",
				"C:/Users/Host/Documents/Unreal Projects/Game/Content/Characters/Mannequins/Textures/Manny/T_Manny_02_ASAOPMASK_MSK.uasset",
				"C:/Users/Host/Documents/Unreal Projects/Game/Content/Characters/Mannequins/Textures/Manny/T_Manny_02_BN.uasset",
				"C:/Users/Host/Documents/Unreal Projects/Game/Content/Characters/Mannequins/Textures/Manny/T_Manny_02_CCRCCPlastic_MSK.uasset",
				"C:/Users/Host/Documents/Unreal Projects/Game/Content/Characters/Mannequins/Textures/Manny/T_Manny_02_D.uasset",
				"C:/Users/Host/Documents/Unreal Projects/Game/Content/Characters/Mannequins/Textures/Manny/T_Manny_02_MSR_MSK.uasset",
				"C:/Users/Host/Documents/Unreal Projects/Game/Content/Characters/Mannequins/Textures/Manny/T_Manny_02_N.uasset",
				"C:/Users/Host/Documents/Unreal Projects/Game/Content/Characters/Mannequins/Textures/Manny/T_Manny_02_Tan.uasset",
				"C:/Users/Host/Documents/Unreal Projects/Game/Content/Characters/Mannequins/Rigs/Poses/Quinn/Quinn_calf_l_anim.uasset",
				"C:/Users/Host/Documents/Unreal Projects/Game/Content/Characters/Mannequins/Rigs/Poses/Quinn/Quinn_calf_l_pose.uasset",
				"C:/Users/Host/Documents/Unreal Projects/Game/Content/Characters/Mannequins/Rigs/Poses/Quinn/Quinn_calf_r_anim.uasset",
				"C:/Users/Host/Documents/Unreal Projects/Game/Content/Characters/Mannequins/Rigs/Poses/Quinn/Quinn_calf_r_pose.uasset",
				"C:/Users/Host/Documents/Unreal Projects/Game/Content/Characters/Mannequins/Rigs/Poses/Quinn/Quinn_clavicle_l_anim.uasset",
				"C:/Users/Host/Documents/Unreal Projects/Game/Content/Characters/Mannequins/Rigs/Poses/Quinn/Quinn_clavicle_l_pose.uasset",
				"C:/Users/Host/Documents/Unreal Projects/Game/Content/Characters/Mannequins/Rigs/Poses/Quinn/Quinn_clavicle_r_anim.uasset",
				"C:/Users/Host/Documents/Unreal Projects/Game/Content/Characters/Mannequins/Rigs/Poses/Quinn/Quinn_clavicle_r_pose.uasset",
				"C:/Users/Host/Documents/Unreal Projects/Game/Content/Characters/Mannequins/Rigs/Poses/Quinn/Quinn_foot_l_anim.uasset",
				"C:/Users/Host/Documents/Unreal Projects/Game/Content/Characters/Mannequins/Rigs/Poses/Quinn/Quinn_foot_l_pose.uasset",
				"C:/Users/Host/Documents/Unreal Projects/Game/Content/Characters/Mannequins/Rigs/Poses/Quinn/Quinn_foot_r_anim.uasset",
				"C:/Users/Host/Documents/Unreal Projects/Game/Content/Characters/Mannequins/Rigs/Poses/Quinn/Quinn_foot_r_pose.uasset",
				"C:/Users/Host/Documents/Unreal Projects/Game/Content/Characters/Mannequins/Rigs/Poses/Quinn/Quinn_hand_l_anim.uasset",
				"C:/Users/Host/Documents/Unreal Projects/Game/Content/Characters/Mannequins/Rigs/Poses/Quinn/Quinn_hand_l_pose.uasset",
				"C:/Users/Host/Documents/Unreal Projects/Game/Content/Characters/Mannequins/Rigs/Poses/Quinn/Quinn_hand_r_anim.uasset",
				"C:/Users/Host/Documents/Unreal Projects/Game/Content/Characters/Mannequins/Rigs/Poses/Quinn/Quinn_hand_r_pose.uasset",
				"C:/Users/Host/Documents/Unreal Projects/Game/Content/Characters/Mannequins/Rigs/Poses/Quinn/Quinn_lowerarm_l_anim.uasset",
				"C:/Users/Host/Documents/Unreal Projects/Game/Content/Characters/Mannequins/Rigs/Poses/Quinn/Quinn_lowerarm_l_pose.uasset",
				"C:/Users/Host/Documents/Unreal Projects/Game/Content/Characters/Mannequins/Rigs/Poses/Quinn/Quinn_lowerarm_r_anim.uasset",
				"C:/Users/Host/Documents/Unreal Projects/Game/Content/Characters/Mannequins/Rigs/Poses/Quinn/Quinn_lowerarm_r_pose.uasset",
				"C:/Users/Host/Documents/Unreal Projects/Game/Content/Characters/Mannequins/Rigs/Poses/Quinn/Quinn_thigh_l_anim.uasset",
				"C:/Users/Host/Documents/Unreal Projects/Game/Content/Characters/Mannequins/Rigs/Poses/Quinn/Quinn_thigh_l_pose.uasset",
				"C:/Users/Host/Documents/Unreal Projects/Game/Content/Characters/Mannequins/Rigs/Poses/Quinn/Quinn_thigh_r_anim.uasset",
				"C:/Users/Host/Documents/Unreal Projects/Game/Content/Characters/Mannequins/Rigs/Poses/Quinn/Quinn_thigh_r_pose.uasset",
				"C:/Users/Host/Documents/Unreal Projects/Game/Content/Characters/Mannequins/Rigs/Poses/Quinn/Quinn_upperarm_l_anim.uasset",
				"C:/Users/Host/Documents/Unreal Projects/Game/Content/Characters/Mannequins/Rigs/Poses/Quinn/Quinn_upperarm_l_pose.uasset",
				"C:/Users/Host/Documents/Unreal Projects/Game/Content/Characters/Mannequins/Rigs/Poses/Quinn/Quinn_upperarm_r_anim.uasset",
				"C:/Users/Host/Documents/Unreal Projects/Game/Content/Characters/Mannequins/Rigs/Poses/Quinn/Quinn_upperarm_r_pose.uasset",
				"C:/Users/Host/Documents/Unreal Projects/Game/Content/Characters/Mannequins/Rigs/Poses/Manny/Manny_calf_l_anim.uasset",
				"C:/Users/Host/Documents/Unreal Projects/Game/Content/Characters/Mannequins/Rigs/Poses/Manny/Manny_calf_l_pose.uasset",
				"C:/Users/Host/Documents/Unreal Projects/Game/Content/Characters/Mannequins/Rigs/Poses/Manny/Manny_calf_r_anim.uasset",
				"C:/Users/Host/Documents/Unreal Projects/Game/Content/Characters/Mannequins/Rigs/Poses/Manny/Manny_calf_r_pose.uasset",
				"C:/Users/Host/Documents/Unreal Projects/Game/Content/Characters/Mannequins/Rigs/Poses/Manny/Manny_clavicle_l_anim.uasset",
				"C:/Users/Host/Documents/Unreal Projects/Game/Content/Characters/Mannequins/Rigs/Poses/Manny/Manny_clavicle_l_pose.uasset",
				"C:/Users/Host/Documents/Unreal Projects/Game/Content/Characters/Mannequins/Rigs/Poses/Manny/Manny_clavicle_r_anim.uasset",
				"C:/Users/Host/Documents/Unreal Projects/Game/Content/Characters/Mannequins/Rigs/Poses/Manny/Manny_clavicle_r_pose.uasset",
				"C:/Users/Host/Documents/Unreal Projects/Game/Content/Characters/Mannequins/Rigs/Poses/Manny/Manny_foot_l_anim.uasset",
				"C:/Users/Host/Documents/Unreal Projects/Game/Content/Characters/Mannequins/Rigs/Poses/Manny/Manny_foot_l_pose.uasset",
				"C:/Users/Host/Documents/Unreal Projects/Game/Content/Characters/Mannequins/Rigs/Poses/Manny/Manny_foot_r_anim.uasset",
				"C:/Users/Host/Documents/Unreal Projects/Game/Content/Characters/Mannequins/Rigs/Poses/Manny/Manny_foot_r_pose.uasset",
				"C:/Users/Host/Documents/Unreal Projects/Game/Content/Characters/Mannequins/Rigs/Poses/Manny/Manny_hand_l_anim.uasset",
				"C:/Users/Host/Documents/Unreal Projects/Game/Content/Characters/Mannequins/Rigs/Poses/Manny/Manny_hand_l_pose.uasset",
				"C:/Users/Host/Documents/Unreal Projects/Game/Content/Characters/Mannequins/Rigs/Poses/Manny/Manny_hand_r_anim.uasset",
				"C:/Users/Host/Documents/Unreal Projects/Game/Content/Characters/Mannequins/Rigs/Poses/Manny/Manny_hand_r_pose.uasset",
				"C:/Users/Host/Documents/Unreal Projects/Game/Content/Characters/Mannequins/Rigs/Poses/Manny/Manny_lowerarm_l_anim.uasset",
				"C:/Users/Host/Documents/Unreal Projects/Game/Content/Characters/Mannequins/Rigs/Poses/Manny/Manny_lowerarm_l_pose.uasset",
				"C:/Users/Host/Documents/Unreal Projects/Game/Content/Characters/Mannequins/Rigs/Poses/Manny/Manny_lowerarm_r_anim.uasset",
				"C:/Users/Host/Documents/Unreal Projects/Game/Content/Characters/Mannequins/Rigs/Poses/Manny/Manny_lowerarm_r_pose.uasset",
				"C:/Users/Host/Documents/Unreal Projects/Game/Content/Characters/Mannequins/Rigs/Poses/Manny/Manny_thigh_l_anim.uasset",
				"C:/Users/Host/Documents/Unreal Projects/Game/Content/Characters/Mannequins/Rigs/Poses/Manny/Manny_thigh_l_pose.uasset",
				"C:/Users/Host/Documents/Unreal Projects/Game/Content/Characters/Mannequins/Rigs/Poses/Manny/Manny_thigh_r_anim.uasset",
				"C:/Users/Host/Documents/Unreal Projects/Game/Content/Characters/Mannequins/Rigs/Poses/Manny/Manny_thigh_r_pose.uasset",
				"C:/Users/Host/Documents/Unreal Projects/Game/Content/Characters/Mannequins/Rigs/Poses/Manny/Manny_upperarm_l_anim.uasset",
				"C:/Users/Host/Documents/Unreal Projects/Game/Content/Characters/Mannequins/Rigs/Poses/Manny/Manny_upperarm_l_pose.uasset",
				"C:/Users/Host/Documents/Unreal Projects/Game/Content/Characters/Mannequins/Rigs/Poses/Manny/Manny_upperarm_r_anim.uasset",
				"C:/Users/Host/Documents/Unreal Projects/Game/Content/Characters/Mannequins/Rigs/Poses/Manny/Manny_upperarm_r_pose.uasset",
				"C:/Users/Host/Documents/Unreal Projects/Game/Content/Characters/Mannequins/Rigs/ABP_Manny_PostProcess.uasset",
				"C:/Users/Host/Documents/Unreal Projects/Game/Content/Characters/Mannequins/Rigs/ABP_Quinn_PostProcess.uasset",
				"C:/Users/Host/Documents/Unreal Projects/Game/Content/Characters/Mannequins/Rigs/RTG_Mannequin.uasset",
				"C:/Users/Host/Documents/Unreal Projects/Game/Content/Characters/Mannequins/Rigs/IK_Mannequin.uasset",
				"C:/Users/Host/Documents/Unreal Projects/Game/Content/Characters/Mannequins/Meshes/Mannequin_LODSettings.uasset",
				"C:/Users/Host/Documents/Unreal Projects/Game/Content/Characters/Mannequins/Meshes/SKM_Manny.uasset",
				"C:/Users/Host/Documents/Unreal Projects/Game/Content/Characters/Mannequins/Meshes/SKM_Manny_Simple.uasset",
				"C:/Users/Host/Documents/Unreal Projects/Game/Content/Characters/Mannequins/Meshes/SKM_Quinn.uasset",
				"C:/Users/Host/Documents/Unreal Projects/Game/Content/Characters/Mannequins/Materials/Instances/Manny/MI_Manny_01.uasset",
				"C:/Users/Host/Documents/Unreal Projects/Game/Content/Characters/Mannequins/Materials/Instances/Manny/MI_Manny_02.uasset",
				"C:/Users/Host/Documents/Unreal Projects/Game/Content/Characters/Mannequins/Animations/Manny/MM_T_Pose.uasset",
				"C:/Users/Host/Documents/Unreal Projects/Game/Content/Characters/Mannequins/Meshes/SK_Mannequin.uasset",
				"C:/Users/Host/Documents/Unreal Projects/Game/Content/Characters/Mannequins/Animations/Manny/MM_Fall_Loop.uasset",
				"C:/Users/Host/Documents/Unreal Projects/Game/Content/Characters/Mannequins/Animations/Manny/MM_Idle.uasset",
				"C:/Users/Host/Documents/Unreal Projects/Game/Content/Characters/Mannequins/Animations/Manny/MM_Jump.uasset",
				"C:/Users/Host/Documents/Unreal Projects/Game/Content/Characters/Mannequins/Animations/Manny/MM_Land.uasset",
				"C:/Users/Host/Documents/Unreal Projects/Game/Content/Characters/Mannequins/Animations/Manny/MM_Run_Fwd.uasset",
				"C:/Users/Host/Documents/Unreal Projects/Game/Content/Characters/Mannequins/Animations/Manny/MM_Walk_Fwd.uasset",
				"C:/Users/Host/Documents/Unreal Projects/Game/Content/Characters/Mannequins/Animations/Manny/MM_Walk_InPlace.uasset",
				"C:/Users/Host/Documents/Unreal Projects/Game/Content/Characters/Mannequins/Animations/Manny/BS_MM_WalkRun.uasset",
				"C:/Users/Host/Documents/Unreal Projects/Game/Content/Characters/Mannequins/Animations/ABP_Manny.uasset",
				"C:/Users/Host/Documents/Unreal Projects/Game/Content/Characters/Mannequins/Animations/Quinn/MF_Idle.uasset",
				"C:/Users/Host/Documents/Unreal Projects/Game/Content/Characters/Mannequins/Animations/Quinn/MF_Run_Fwd.uasset",
				"C:/Users/Host/Documents/Unreal Projects/Game/Content/Characters/Mannequins/Animations/Quinn/MF_Walk_Fwd.uasset",
				"C:/Users/Host/Documents/Unreal Projects/Game/Content/Characters/Mannequins/Animations/Quinn/BS_MF_Unarmed_WalkRun.uasset",
				"C:/Users/Host/Documents/Unreal Projects/Game/Content/Characters/Mannequins/Animations/ABP_Quinn.uasset",
				"C:/Users/Host/Documents/Unreal Projects/Game/Content/Characters/Mannequins/Materials/Functions/ChromaticCurve.uasset",
				"C:/Users/Host/Documents/Unreal Projects/Game/Content/Characters/Mannequins/Materials/Functions/CA_Mannequin.uasset",
				"C:/Users/Host/Documents/Unreal Projects/Game/Content/Characters/Mannequins/Materials/Functions/MF_Diffraction.uasset",
				"C:/Users/Host/Documents/Unreal Projects/Game/Content/Characters/Mannequins/Textures/Shared/T_UE_Logo_M.uasset",
				"C:/Users/Host/Documents/Unreal Projects/Game/Content/Characters/Mannequins/Materials/Functions/MF_logo3layers.uasset",
				"C:/Users/Host/Documents/Unreal Projects/Game/Content/Characters/Mannequins/Materials/Functions/ML_BaseColorFallOff.uasset",
				"C:/Users/Host/Documents/Unreal Projects/Game/Content/Characters/Mannequins/Textures/Manny/T_Manny_01_ASAOPMASK_MSK.uasset",
				"C:/Users/Host/Documents/Unreal Projects/Game/Content/Characters/Mannequins/Textures/Manny/T_Manny_01_BN.uasset",
				"C:/Users/Host/Documents/Unreal Projects/Game/Content/Characters/Mannequins/Textures/Manny/T_Manny_01_CCRCCPlastic_MSK.uasset",
				"C:/Users/Host/Documents/Unreal Projects/Game/Content/Characters/Mannequins/Textures/Manny/T_Manny_01_D.uasset",
				"C:/Users/Host/Documents/Unreal Projects/Game/Content/Characters/Mannequins/Textures/Manny/T_Manny_01_MSR_MSK.uasset",
				"C:/Users/Host/Documents/Unreal Projects/Game/Content/Characters/Mannequins/Textures/Manny/T_Manny_01_N.uasset",
				"C:/Users/Host/Documents/Unreal Projects/Game/Content/Characters/Mannequins/Textures/Manny/T_Manny_01_Tan.uasset",
				"C:/Users/Host/Documents/Unreal Projects/Game/Content/Characters/Mannequins/Materials/M_Mannequin.uasset",
				"C:/Users/Host/Documents/Unreal Projects/Game/Content/Characters/Mannequins/Textures/Quinn/T_Quinn_01_ASAOMASK_MSK.uasset",
				"C:/Users/Host/Documents/Unreal Projects/Game/Content/Characters/Mannequins/Textures/Quinn/T_Quinn_01_CCRCCPlastic_MSK.uasset",
				"C:/Users/Host/Documents/Unreal Projects/Game/Content/Characters/Mannequins/Textures/Quinn/T_Quinn_01ID_BN.uasset",
				"C:/Users/Host/Documents/Unreal Projects/Game/Content/Characters/Mannequins/Textures/Quinn/T_Quinn_01ID_D.uasset",
				"C:/Users/Host/Documents/Unreal Projects/Game/Content/Characters/Mannequins/Textures/Quinn/T_Quinn_01ID_MSR_MSK.uasset",
				"C:/Users/Host/Documents/Unreal Projects/Game/Content/Characters/Mannequins/Textures/Quinn/T_Quinn_01ID_N.uasset",
				"C:/Users/Host/Documents/Unreal Projects/Game/Content/Characters/Mannequins/Textures/Quinn/T_Quinn_01ID_Tan.uasset",
				"C:/Users/Host/Documents/Unreal Projects/Game/Content/Characters/Mannequins/Materials/Instances/Quinn/MI_Quinn_01.uasset",
				"C:/Users/Host/Documents/Unreal Projects/Game/Content/Characters/Mannequins/Textures/Quinn/T_Quinn_02_ASAOMASK_MSK.uasset",
				"C:/Users/Host/Documents/Unreal Projects/Game/Content/Characters/Mannequins/Textures/Quinn/T_Quinn_02_CCRCCPlastic_MSK.uasset",
				"C:/Users/Host/Documents/Unreal Projects/Game/Content/Characters/Mannequins/Textures/Quinn/T_Quinn_02ID_BN.uasset",
				"C:/Users/Host/Documents/Unreal Projects/Game/Content/Characters/Mannequins/Textures/Quinn/T_Quinn_02ID_D.uasset",
				"C:/Users/Host/Documents/Unreal Projects/Game/Content/Characters/Mannequins/Textures/Quinn/T_Quinn_02ID_MSR_MSK.uasset",
				"C:/Users/Host/Documents/Unreal Projects/Game/Content/Characters/Mannequins/Textures/Quinn/T_Quinn_02ID_N.uasset",
				"C:/Users/Host/Documents/Unreal Projects/Game/Content/Characters/Mannequins/Textures/Quinn/T_Quinn_02ID_Tan.uasset",
				"C:/Users/Host/Documents/Unreal Projects/Game/Content/Characters/Mannequins/Materials/Instances/Quinn/MI_Quinn_02.uasset",
				"C:/Users/Host/Documents/Unreal Projects/Game/Content/Characters/Mannequins/Rigs/PA_Mannequin.uasset",
				"C:/Users/Host/Documents/Unreal Projects/Game/Content/Characters/Mannequins/Meshes/SKM_Quinn_Simple.uasset",
				"C:/Users/Host/Documents/Unreal Projects/Game/Content/LevelPrototyping/Textures/T_GridChecker_A.uasset",
				"C:/Users/Host/Documents/Unreal Projects/Game/Content/LevelPrototyping/Meshes/SM_ChamferCube.uasset",
				"C:/Users/Host/Documents/Unreal Projects/Game/Content/LevelPrototyping/Meshes/SM_Cube.uasset",
				"C:/Users/Host/Documents/Unreal Projects/Game/Content/LevelPrototyping/Meshes/SM_Cylinder.uasset",
				"C:/Users/Host/Documents/Unreal Projects/Game/Content/LevelPrototyping/Meshes/SM_QuarterCylinder.uasset",
				"C:/Users/Host/Documents/Unreal Projects/Game/Content/LevelPrototyping/Meshes/SM_Ramp.uasset",
				"C:/Users/Host/Documents/Unreal Projects/Game/Content/LevelPrototyping/Materials/MF_ProcGrid.uasset",
				"C:/Users/Host/Documents/Unreal Projects/Game/Content/LevelPrototyping/Materials/MI_PrototypeGrid_Gray.uasset",
				"C:/Users/Host/Documents/Unreal Projects/Game/Content/LevelPrototyping/Materials/MI_PrototypeGrid_Gray_02.uasset",
				"C:/Users/Host/Documents/Unreal Projects/Game/Content/LevelPrototyping/Materials/MI_PrototypeGrid_TopDark.uasset",
				"C:/Users/Host/Documents/Unreal Projects/Game/Content/LevelPrototyping/Materials/MI_Solid_Blue.uasset",
				"C:/Users/Host/Documents/Unreal Projects/Game/Content/LevelPrototyping/Materials/M_PrototypeGrid.uasset",
				"C:/Users/Host/Documents/Unreal Projects/Game/Content/LevelPrototyping/Materials/M_Solid.uasset",
				"C:/Users/Host/Documents/Unreal Projects/Game/Content/__ExternalActors__/ThirdPerson/Maps/ThirdPersonMap/E/FR/LBG6LPN5JCL3FMVSI2CK6R.uasset",
				"C:/Users/Host/Documents/Unreal Projects/Game/Content/__ExternalActors__/ThirdPerson/Maps/ThirdPersonMap/E/8O/GK06JAEJ82TQ0GA2QB0DJG.uasset",
				"C:/Users/Host/Documents/Unreal Projects/Game/Content/__ExternalActors__/ThirdPerson/Maps/ThirdPersonMap/D/DE/SWSI13675DVYIZ0N4NF7Y3.uasset",
				"C:/Users/Host/Documents/Unreal Projects/Game/Content/__ExternalActors__/ThirdPerson/Maps/ThirdPersonMap/D/3V/NMHOKL5LGQDOAAG00FUMZR.uasset",
				"C:/Users/Host/Documents/Unreal Projects/Game/Content/__ExternalActors__/ThirdPerson/Maps/ThirdPersonMap/D/0G/JNKFA4X9LRMSF343ESPF6Q.uasset",
				"C:/Users/Host/Documents/Unreal Projects/Game/Content/__ExternalActors__/ThirdPerson/Maps/ThirdPersonMap/C/YT/CQR16QFDKKEYP53M51TV4F.uasset",
				"C:/Users/Host/Documents/Unreal Projects/Game/Content/__ExternalActors__/ThirdPerson/Maps/ThirdPersonMap/C/QF/BY1DA5CRGQSAMOTK8RA8KR.uasset",
				"C:/Users/Host/Documents/Unreal Projects/Game/Content/__ExternalActors__/ThirdPerson/Maps/ThirdPersonMap/B/FB/8RB55FM1HBEUVO4IOQC4YN.uasset",
				"C:/Users/Host/Documents/Unreal Projects/Game/Content/__ExternalActors__/ThirdPerson/Maps/ThirdPersonMap/B/EA/9BWDWCNL7OZT2HTML9LK1Y.uasset",
				"C:/Users/Host/Documents/Unreal Projects/Game/Content/__ExternalActors__/ThirdPerson/Maps/ThirdPersonMap/B/8K/1IKKDYS7RULH8FRYRPPF04.uasset",
				"C:/Users/Host/Documents/Unreal Projects/Game/Content/__ExternalActors__/ThirdPerson/Maps/ThirdPersonMap/B/4D/BBOCKSZY1GVHTFRX0PR0O8.uasset",
				"C:/Users/Host/Documents/Unreal Projects/Game/Content/__ExternalActors__/ThirdPerson/Maps/ThirdPersonMap/A/MS/MRHJREJ6H7USQYWF1KO8F6.uasset",
				"C:/Users/Host/Documents/Unreal Projects/Game/Content/__ExternalActors__/ThirdPerson/Maps/ThirdPersonMap/A/17/6LXV4Y6DE3LUT705XNU4DZ.uasset",
				"C:/Users/Host/Documents/Unreal Projects/Game/Content/__ExternalActors__/ThirdPerson/Maps/ThirdPersonMap/A/16/Q7Y1URWWFS0TXGWUTO3S61.uasset",
				"C:/Users/Host/Documents/Unreal Projects/Game/Content/__ExternalActors__/ThirdPerson/Maps/ThirdPersonMap/9/U7/H8YL2PPHZPBTI74SUD0RNL.uasset",
				"C:/Users/Host/Documents/Unreal Projects/Game/Content/__ExternalActors__/ThirdPerson/Maps/ThirdPersonMap/8/S1/DXUWD12MD3HRWVVXX076BY.uasset",
				"C:/Users/Host/Documents/Unreal Projects/Game/Content/__ExternalActors__/ThirdPerson/Maps/ThirdPersonMap/8/3J/6B9RJI3FDPCETRKXUXCQ4C.uasset",
				"C:/Users/Host/Documents/Unreal Projects/Game/Content/__ExternalActors__/ThirdPerson/Maps/ThirdPersonMap/6/YO/NG2R9BPZVA7ZDN0Z4VSTG6.uasset",
				"C:/Users/Host/Documents/Unreal Projects/Game/Content/__ExternalActors__/ThirdPerson/Maps/ThirdPersonMap/6/XB/9VVR39MG0K7W5GQIEFE7SO.uasset",
				"C:/Users/Host/Documents/Unreal Projects/Game/Content/__ExternalActors__/ThirdPerson/Maps/ThirdPersonMap/6/NC/UUYHDUFQAXTRRN4RVOPIUF.uasset",
				"C:/Users/Host/Documents/Unreal Projects/Game/Content/__ExternalActors__/ThirdPerson/Maps/ThirdPersonMap/6/J7/N10XDC9G27EMLS5AGZ6AVV.uasset",
				"C:/Users/Host/Documents/Unreal Projects/Game/Content/__ExternalActors__/ThirdPerson/Maps/ThirdPersonMap/6/IR/OTJMGDDXDV5TI7982YKZ5P.uasset",
				"C:/Users/Host/Documents/Unreal Projects/Game/Content/__ExternalActors__/ThirdPerson/Maps/ThirdPersonMap/6/HF/9H7TKAXH9DD8KI3TIXGI2I.uasset",
				"C:/Users/Host/Documents/Unreal Projects/Game/Content/__ExternalActors__/ThirdPerson/Maps/ThirdPersonMap/6/CZ/K2YM0JIRZ78IHGM8W2QBAF.uasset",
				"C:/Users/Host/Documents/Unreal Projects/Game/Content/__ExternalActors__/ThirdPerson/Maps/ThirdPersonMap/5/R1/TS5OQ5CRUWFZYL1ZQ7I416.uasset",
				"C:/Users/Host/Documents/Unreal Projects/Game/Content/__ExternalActors__/ThirdPerson/Maps/ThirdPersonMap/5/QO/CO9MG7REJF8N8AQFYRCI06.uasset",
				"C:/Users/Host/Documents/Unreal Projects/Game/Content/__ExternalActors__/ThirdPerson/Maps/ThirdPersonMap/5/9Q/U98KGKQ41NJYFOGFQM8ZDY.uasset",
				"C:/Users/Host/Documents/Unreal Projects/Game/Content/__ExternalActors__/ThirdPerson/Maps/ThirdPersonMap/5/7E/BEYC27T14FHBU6LF2F60RR.uasset",
				"C:/Users/Host/Documents/Unreal Projects/Game/Content/__ExternalActors__/ThirdPerson/Maps/ThirdPersonMap/5/11/IM858T68EBXCBX1T2FNR96.uasset",
				"C:/Users/Host/Documents/Unreal Projects/Game/Content/__ExternalActors__/ThirdPerson/Maps/ThirdPersonMap/4/PN/2QISIGK5DJNQ05US8O8FXW.uasset",
				"C:/Users/Host/Documents/Unreal Projects/Game/Content/__ExternalActors__/ThirdPerson/Maps/ThirdPersonMap/4/LN/30UBDLYFFA5ZR7U4W4L4GG.uasset",
				"C:/Users/Host/Documents/Unreal Projects/Game/Content/__ExternalActors__/ThirdPerson/Maps/ThirdPersonMap/4/60/5PI42YRDC8HSSG6BVV2GRR.uasset",
				"C:/Users/Host/Documents/Unreal Projects/Game/Content/__ExternalActors__/ThirdPerson/Maps/ThirdPersonMap/3/P3/O43ETCZTFMLWWH1CJ941H2.uasset",
				"C:/Users/Host/Documents/Unreal Projects/Game/Content/__ExternalActors__/ThirdPerson/Maps/ThirdPersonMap/3/M3/7JQC72ZY37QM4IT43WD5CW.uasset",
				"C:/Users/Host/Documents/Unreal Projects/Game/Content/__ExternalActors__/ThirdPerson/Maps/ThirdPersonMap/3/EY/87SHEJN5UBEAN2K5OV1G6R.uasset",
				"C:/Users/Host/Documents/Unreal Projects/Game/Content/__ExternalActors__/ThirdPerson/Maps/ThirdPersonMap/1/WU/NB37RT5Q32Z8MJWD8BD2SO.uasset",
				"C:/Users/Host/Documents/Unreal Projects/Game/Content/__ExternalActors__/ThirdPerson/Maps/ThirdPersonMap/1/HL/XWFFRCIJ8QK4NRO30ALA6J.uasset",
				"C:/Users/Host/Documents/Unreal Projects/Game/Content/__ExternalActors__/ThirdPerson/Maps/ThirdPersonMap/1/AZ/A7GPT109Y6ZTTJD4A7TXER.uasset",
				"C:/Users/Host/Documents/Unreal Projects/Game/Content/__ExternalActors__/ThirdPerson/Maps/ThirdPersonMap/0/FG/C9C8NKPQ680JETAE5ROTT1.uasset",
				"C:/Users/Host/Documents/Unreal Projects/Game/Content/__ExternalObjects__/ThirdPerson/Maps/ThirdPersonMap/E/GP/22PD314FCWY4ZK61DE3XZC.uasset",
				"C:/Users/Host/Documents/Unreal Projects/Game/Content/__ExternalObjects__/ThirdPerson/Maps/ThirdPersonMap/C/7N/FDH7Y28CQFXDK8P6MM1HXM.uasset",
				"C:/Users/Host/Documents/Unreal Projects/Game/Content/__ExternalObjects__/ThirdPerson/Maps/ThirdPersonMap/9/KN/KHZG97SS6AL73U7AXDWH6J.uasset",
				"C:/Users/Host/Documents/Unreal Projects/Game/Content/__ExternalObjects__/ThirdPerson/Maps/ThirdPersonMap/6/TK/PIQ0B2FNWR15P52TECP27A.uasset",
				"C:/Users/Host/Documents/Unreal Projects/Game/Content/__ExternalObjects__/ThirdPerson/Maps/ThirdPersonMap/6/D8/3MZ6M1DB94VN44C87D65WR.uasset",
				"C:/Users/Host/Documents/Unreal Projects/Game/Content/__ExternalObjects__/ThirdPerson/Maps/ThirdPersonMap/4/VW/TY7TSUER9KKGHX2BMKSL0L.uasset",
				"C:/Users/Host/Documents/Unreal Projects/Game/Content/__ExternalActors__/ThirdPerson/Maps/ThirdPersonMap/0/43/HYQWORMY4JDQ5X3OKZXFLC.uasset",
				"C:/Users/Host/Documents/Unreal Projects/Game/Content/ThirdPerson/Maps/ThirdPersonMap.umap",
				"C:/Users/Host/Documents/Unreal Projects/Game/Content/ThirdPerson/Maps/ThirdPersonMap_BuiltData.uasset",
				"C:/Users/Host/Documents/Unreal Projects/Game/Content/ThirdPerson/Blueprints/BP_ThirdPersonGameMode.uasset",
				"C:/Users/Host/Documents/Unreal Projects/Game/Content/ThirdPerson/Input/Actions/IA_Jump.uasset",
				"C:/Users/Host/Documents/Unreal Projects/Game/Content/ThirdPerson/Input/Actions/IA_Look.uasset",
				"C:/Users/Host/Documents/Unreal Projects/Game/Content/ThirdPerson/Input/Actions/IA_Move.uasset",
				"C:/Users/Host/Documents/Unreal Projects/Game/Content/ThirdPerson/Blueprints/BP_ThirdPersonCharacter.uasset",
				"C:/Users/Host/Documents/Unreal Projects/Game/Content/3D_Leap_Land/fbx/crumbling_rock_platform.uasset",
				"C:/Users/Host/Documents/Unreal Projects/Game/Content/3D_Leap_Land/fbx/flag.uasset",
				"C:/Users/Host/Documents/Unreal Projects/Game/Content/3D_Leap_Land/obj/balloon_blue.uasset",
				"C:/Users/Host/Documents/Unreal Projects/Game/Content/3D_Leap_Land/obj/balloon_red.uasset",
				"C:/Users/Host/Documents/Unreal Projects/Game/Content/3D_Leap_Land/obj/balloon_yellow.uasset",
				"C:/Users/Host/Documents/Unreal Projects/Game/Content/3D_Leap_Land/obj/bee.uasset",
				"C:/Users/Host/Documents/Unreal Projects/Game/Content/3D_Leap_Land/obj/bomb.uasset",
				"C:/Users/Host/Documents/Unreal Projects/Game/Content/3D_Leap_Land/obj/bridge_1.uasset",
				"C:/Users/Host/Documents/Unreal Projects/Game/Content/3D_Leap_Land/obj/bridge_2.uasset",
				"C:/Users/Host/Documents/Unreal Projects/Game/Content/3D_Leap_Land/obj/bullet.uasset",
				"C:/Users/Host/Documents/Unreal Projects/Game/Content/3D_Leap_Land/obj/cannon.uasset",
				"C:/Users/Host/Documents/Unreal Projects/Game/Content/3D_Leap_Land/obj/cloud_1.uasset",
				"C:/Users/Host/Documents/Unreal Projects/Game/Content/3D_Leap_Land/obj/cloud_2.uasset",
				"C:/Users/Host/Documents/Unreal Projects/Game/Content/3D_Leap_Land/obj/cloud_3.uasset",
				"C:/Users/Host/Documents/Unreal Projects/Game/Content/3D_Leap_Land/obj/coin.uasset",
				"C:/Users/Host/Documents/Unreal Projects/Game/Content/3D_Leap_Land/obj/crate.uasset",
				"C:/Users/Host/Documents/Unreal Projects/Game/Content/3D_Leap_Land/obj/crumbling_rock_platform.uasset",
				"C:/Users/Host/Documents/Unreal Projects/Game/Content/3D_Leap_Land/obj/detonater.uasset",
				"C:/Users/Host/Documents/Unreal Projects/Game/Content/3D_Leap_Land/obj/dynamite.uasset",
				"C:/Users/Host/Documents/Unreal Projects/Game/Content/3D_Leap_Land/obj/fence_1.uasset",
				"C:/Users/Host/Documents/Unreal Projects/Game/Content/3D_Leap_Land/obj/fence_2.uasset",
				"C:/Users/Host/Documents/Unreal Projects/Game/Content/3D_Leap_Land/obj/fence_4.uasset",
				"C:/Users/Host/Documents/Unreal Projects/Game/Content/3D_Leap_Land/obj/flag.uasset",
				"C:/Users/Host/Documents/Unreal Projects/Game/Content/3D_Leap_Land/obj/flower.uasset",
				"C:/Users/Host/Documents/Unreal Projects/Game/Content/3D_Leap_Land/obj/gem.uasset",
				"C:/Users/Host/Documents/Unreal Projects/Game/Content/3D_Leap_Land/obj/grass_blades_1.uasset",
				"C:/Users/Host/Documents/Unreal Projects/Game/Content/3D_Leap_Land/obj/grass_blades_2.uasset",
				"C:/Users/Host/Documents/Unreal Projects/Game/Content/3D_Leap_Land/obj/grass_blades_3.uasset",
				"C:/Users/Host/Documents/Unreal Projects/Game/Content/3D_Leap_Land/obj/grass_blades_4.uasset",
				"C:/Users/Host/Documents/Unreal Projects/Game/Content/3D_Leap_Land/obj/ground_cloud_2.uasset",
				"C:/Users/Host/Documents/Unreal Projects/Game/Content/3D_Leap_Land/obj/ground_cloud_4.uasset",
				"C:/Users/Host/Documents/Unreal Projects/Game/Content/3D_Leap_Land/obj/ground_dirt_2.uasset",
				"C:/Users/Host/Documents/Unreal Projects/Game/Content/3D_Leap_Land/obj/ground_dirt_4.uasset",
				"C:/Users/Host/Documents/Unreal Projects/Game/Content/3D_Leap_Land/obj/ground_dirt_8.uasset",
				"C:/Users/Host/Documents/Unreal Projects/Game/Content/3D_Leap_Land/obj/ground_grass_2.uasset",
				"C:/Users/Host/Documents/Unreal Projects/Game/Content/3D_Leap_Land/obj/ground_grass_4.uasset",
				"C:/Users/Host/Documents/Unreal Projects/Game/Content/3D_Leap_Land/obj/ground_grass_8.uasset",
				"C:/Users/Host/Documents/Unreal Projects/Game/Content/3D_Leap_Land/obj/ground_wood_2.uasset",
				"C:/Users/Host/Documents/Unreal Projects/Game/Content/3D_Leap_Land/obj/ground_wood_4.uasset",
				"C:/Users/Host/Documents/Unreal Projects/Game/Content/3D_Leap_Land/obj/heart.uasset",
				"C:/Users/Host/Documents/Unreal Projects/Game/Content/3D_Leap_Land/obj/key.uasset",
				"C:/Users/Host/Documents/Unreal Projects/Game/Content/3D_Leap_Land/obj/ladder_1.uasset",
				"C:/Users/Host/Documents/Unreal Projects/Game/Content/3D_Leap_Land/obj/ladder_2.uasset",
				"C:/Users/Host/Documents/Unreal Projects/Game/Content/3D_Leap_Land/obj/ladder_3.uasset",
				"C:/Users/Host/Documents/Unreal Projects/Game/Content/3D_Leap_Land/obj/lilypad.uasset",
				"C:/Users/Host/Documents/Unreal Projects/Game/Content/3D_Leap_Land/obj/lock.uasset",
				"C:/Users/Host/Documents/Unreal Projects/Game/Content/3D_Leap_Land/obj/locked_door.uasset",
				"C:/Users/Host/Documents/Unreal Projects/Game/Content/3D_Leap_Land/obj/mushroom.uasset",
				"C:/Users/Host/Documents/Unreal Projects/Game/Content/3D_Leap_Land/obj/plant.uasset",
				"C:/Users/Host/Documents/Unreal Projects/Game/Content/3D_Leap_Land/obj/rock_1.uasset",
				"C:/Users/Host/Documents/Unreal Projects/Game/Content/3D_Leap_Land/obj/rock_2.uasset",
				"C:/Users/Host/Documents/Unreal Projects/Game/Content/3D_Leap_Land/obj/rock_3.uasset",
				"C:/Users/Host/Documents/Unreal Projects/Game/Content/3D_Leap_Land/obj/rope.uasset",
				"C:/Users/Host/Documents/Unreal Projects/Game/Content/3D_Leap_Land/obj/rotating_log.uasset",
				"C:/Users/Host/Documents/Unreal Projects/Game/Content/3D_Leap_Land/obj/sign.uasset",
				"C:/Users/Host/Documents/Unreal Projects/Game/Content/3D_Leap_Land/obj/sign_arrow.uasset",
				"C:/Users/Host/Documents/Unreal Projects/Game/Content/3D_Leap_Land/obj/slime.uasset",
				"C:/Users/Host/Documents/Unreal Projects/Game/Content/3D_Leap_Land/obj/spring.uasset",
				"C:/Users/Host/Documents/Unreal Projects/Game/Content/3D_Leap_Land/obj/stopwatch.uasset",
				"C:/Users/Host/Documents/Unreal Projects/Game/Content/3D_Leap_Land/obj/telescope.uasset",
				"C:/Users/Host/Documents/Unreal Projects/Game/Content/3D_Leap_Land/obj/trail_dirt_curved_1.uasset",
				"C:/Users/Host/Documents/Unreal Projects/Game/Content/3D_Leap_Land/obj/trail_dirt_curved_2.uasset",
				"C:/Users/Host/Documents/Unreal Projects/Game/Content/3D_Leap_Land/obj/trail_dirt_end_1.uasset",
				"C:/Users/Host/Documents/Unreal Projects/Game/Content/3D_Leap_Land/obj/trail_dirt_end_2.uasset",
				"C:/Users/Host/Documents/Unreal Projects/Game/Content/3D_Leap_Land/obj/trail_dirt_straight_1.uasset",
				"C:/Users/Host/Documents/Unreal Projects/Game/Content/3D_Leap_Land/obj/trail_dirt_straight_2.uasset",
				"C:/Users/Host/Documents/Unreal Projects/Game/Content/3D_Leap_Land/obj/trail_rock_curved.uasset",
				"C:/Users/Host/Documents/Unreal Projects/Game/Content/3D_Leap_Land/obj/trail_rock_straight.uasset",
				"C:/Users/Host/Documents/Unreal Projects/Game/Content/3D_Leap_Land/obj/treasure_chest.uasset",
				"C:/Users/Host/Documents/Unreal Projects/Game/Content/3D_Leap_Land/obj/tree_1.uasset",
				"C:/Users/Host/Documents/Unreal Projects/Game/Content/3D_Leap_Land/obj/tree_2.uasset",
				"C:/Users/Host/Documents/Unreal Projects/Game/Content/3D_Leap_Land/obj/tree_stump.uasset",
				"C:/Users/Host/Documents/Unreal Projects/Game/Content/3D_Leap_Land/obj/trophy.uasset",
				"C:/Users/Host/Documents/Unreal Projects/Game/Content/3D_Leap_Land/obj/wall_logs_1.uasset",
				"C:/Users/Host/Documents/Unreal Projects/Game/Content/3D_Leap_Land/obj/wall_logs_2.uasset",
				"C:/Users/Host/Documents/Unreal Projects/Game/Content/3D_Leap_Land/obj/wall_spiked_logs.uasset",
				"C:/Users/Host/Documents/Unreal Projects/Game/Content/3D_Leap_Land/obj/water_2.uasset",
				"C:/Users/Host/Documents/Unreal Projects/Game/Content/3D_Leap_Land/obj/water_4.uasset",
				"C:/Users/Host/Documents/Unreal Projects/Game/Content/3D_Leap_Land/obj/wood_spikes.uasset"
			]
		}
	]
}